gene	log2FoldChange	pvalue	padj
GENE_0000	-1.69828115423204	5.51702679102431e-05	0.000875718538257826
GENE_0001	1.51120469476258	4.47627989172876e-05	0.000721980627698188
GENE_0002	-0.274979990224019	0.518030393404161	0.876639554752609
GENE_0003	0.39712881857314	0.419394910218389	0.823964195811196
GENE_0004	-0.751127165578481	0.134318653551534	0.526448698322764
GENE_0005	0.266276451818521	0.53550172181874	0.879313172116157
GENE_0006	0.192354368523985	0.673475167568991	0.957721801016209
GENE_0007	0.475938382345063	0.223227418089684	0.681227168524567
GENE_0008	-0.0552471154267759	0.873147797614582	0.993216290588734
GENE_0009	-1.18139370008894	0.0254864861170118	0.187400633213322
GENE_0010	0.256917383355897	0.508596870979514	0.874549881361365
GENE_0011	0.227164914770273	0.540519761064999	0.881761437300162
GENE_0012	-0.0099705268083702	0.978128725417824	0.993216290588734
GENE_0013	-0.042993018414601	0.912099307354205	0.993216290588734
GENE_0014	0.218418839384411	0.626719576848649	0.924050955854907
GENE_0015	-0.437328837462088	0.295307198385474	0.769029162462171
GENE_0016	0.355455455211579	0.389507343907518	0.817883651012055
GENE_0017	0.271213288245524	0.531046853970536	0.877082536577523
GENE_0018	-0.934066426927205	0.0243365008556008	0.182981209440607
GENE_0019	-0.252183589603943	0.502769899468914	0.874549881361365
GENE_0020	-0.108684127199019	0.832585074667748	0.993216290588734
GENE_0021	0.133741181680264	0.788479359351107	0.993216290588734
GENE_0022	-0.0486055974488115	0.913526357208859	0.993216290588734
GENE_0023	0.0185468916655979	0.96752251447873	0.993216290588734
GENE_0024	0.47745934365432	0.378083114436474	0.807869902642039
GENE_0025	-0.756098078542026	0.102822408499162	0.452817126881001
GENE_0026	1.1671402935387	0.132597864752371	0.526448698322764
GENE_0027	-0.357401236819647	0.459522749592919	0.855722066281041
GENE_0028	-1.09830819281375	0.057299237317334	0.333135100682174
GENE_0029	-0.0231250844790353	0.961062775472009	0.993216290588734
GENE_0030	0.148259768304403	0.638905335694261	0.928641476299798
GENE_0031	1.86365754666608	1.73868335600143e-06	4.13972227619389e-05
GENE_0032	0.732555172987037	0.134777752669774	0.526448698322764
GENE_0033	-0.811607040627434	0.0715647850570297	0.37822222571863
GENE_0034	-0.119443486708031	0.753520370606453	0.991474171850597
GENE_0035	-0.269641048633322	0.530136592918229	0.877082536577523
GENE_0036	-0.202836418181973	0.584668256260523	0.910895824872367
GENE_0037	-0.598790491542914	0.108341916721806	0.469012626501325
GENE_0038	-0.323163203847042	0.455748595662102	0.851866533947855
GENE_0039	-1.9643127273865	0.0027559383991478	0.0278377616075535
GENE_0040	-1.92901174704952	1.94321456125836e-05	0.000340914835308485
GENE_0041	-0.258740538847109	0.508682088441228	0.874549881361365
GENE_0042	0.101486255217339	0.808248490098317	0.993216290588734
GENE_0043	-0.658210853689743	0.241515723202013	0.699093252827054
GENE_0044	-0.137060922328638	0.76906184219246	0.993216290588734
GENE_0045	0.664940882107244	0.132829473246376	0.526448698322764
GENE_0046	-0.0733100841694994	0.898357958684855	0.993216290588734
GENE_0047	0.460952844636703	0.357988611219058	0.793766321993476
GENE_0048	-0.371771241617271	0.344185883716574	0.792508180188295
GENE_0049	0.659760106948884	0.190634853063305	0.629157930901997
GENE_0050	-0.387015188733353	0.286865283702053	0.757817710279712
GENE_0051	0.656757204479822	0.0410546279890749	0.27553441603406
GENE_0052	-0.170072306642648	0.68955969673167	0.957721801016209
GENE_0053	0.0378062861159178	0.921332700184899	0.993216290588734
GENE_0054	0.0852548148258986	0.819580107260659	0.993216290588734
GENE_0055	-0.592290602366335	0.322590163364491	0.78680527649876
GENE_0056	2.17306481657452	1.31378760999715e-07	5.16043574058949e-06
GENE_0057	0.0668821476248779	0.857926456134036	0.993216290588734
GENE_0058	0.0445572361664428	0.939915696386229	0.993216290588734
GENE_0059	0.290299116743955	0.430456846572672	0.827519930365295
GENE_0060	-0.331969141901055	0.398603421838348	0.817883651012055
GENE_0061	0.0727344921731188	0.845535442436596	0.993216290588734
GENE_0062	-0.454961995710929	0.350049452535921	0.792508180188295
GENE_0063	0.353514626278872	0.400987787141429	0.818342422737609
GENE_0064	-0.222284858096857	0.52797224444344	0.877082536577523
GENE_0065	1.72484059675907	2.5857179414393e-05	0.000430952990239883
GENE_0066	-0.398856449059875	0.306110942698508	0.771060309064251
GENE_0067	-0.638238705841475	0.124581811733086	0.512682352811054
GENE_0068	0.0470284810310647	0.911646939675959	0.993216290588734
GENE_0069	-0.509550427165386	0.238958785032476	0.695405148122874
GENE_0070	-0.348157084159071	0.348789857382161	0.792508180188295
GENE_0071	-0.622539112623011	0.102730453498459	0.452817126881001
GENE_0072	-0.3529085170417	0.427238066423358	0.827519930365295
GENE_0073	-0.158622404314546	0.679948489818217	0.957721801016209
GENE_0074	0.896743709361977	0.043304421043177	0.284897506863007
GENE_0075	0.283825571256986	0.439752007991179	0.83515267005376
GENE_0076	-0.455809552532424	0.409039783727209	0.822244865558937
GENE_0077	0.320773537995844	0.420119561461664	0.823964195811196
GENE_0078	-0.526410045450649	0.25106367108097	0.715063234201815
GENE_0079	-0.370611531351755	0.355011517341854	0.792508180188295
GENE_0080	0.515813598662229	0.337477579532506	0.792508180188295
GENE_0081	-0.437462007501585	0.368415460547987	0.79988774160098
GENE_0082	0.854676065125736	0.149329826093603	0.559287738178288
GENE_0083	0.381786740504926	0.368748248878052	0.79988774160098
GENE_0084	-0.30098717985678	0.351092931870201	0.792508180188295
GENE_0085	-0.499530272464044	0.389617614953166	0.817883651012055
GENE_0086	-0.769254279325133	0.0691076744468477	0.371546636811009
GENE_0087	-0.0449566641522589	0.933934642876092	0.993216290588734
GENE_0088	0.275631699285119	0.412413705813576	0.823964195811196
GENE_0089	-0.208276474069157	0.549601461473128	0.88982773412179
GENE_0090	-0.139425951058841	0.681659372559906	0.957721801016209
GENE_0091	-0.365639588489755	0.50685080454406	0.874549881361365
GENE_0092	0.231414548632751	0.603289411136844	0.91927201927534
GENE_0093	-0.125523339565702	0.766141903901381	0.993216290588734
GENE_0094	0.446562386493602	0.270752691858343	0.734104392764016
GENE_0095	-1.08698985765822	0.00198015813760973	0.0222489678383116
GENE_0096	-0.0425464667783271	0.925600896676016	0.993216290588734
GENE_0097	0.186082730324348	0.658391882753613	0.945334541083716
GENE_0098	-0.506994855163003	0.254482240281976	0.718876384977332
GENE_0099	-0.226761797590389	0.585518162721761	0.910895824872367
GENE_0100	0.0825103257409494	0.855752378478551	0.993216290588734
GENE_0101	0.264098878173069	0.529594480411286	0.877082536577523
GENE_0102	-0.30252392866057	0.509729169445501	0.874549881361365
GENE_0103	0.657863886986698	0.111061266496483	0.478712355588289
GENE_0104	-0.187676137875683	0.699935239310558	0.963226005902238
GENE_0105	0.389325256764157	0.494456110658804	0.874549881361365
GENE_0106	1.27087008071156	0.00114351023355901	0.0136132170661787
GENE_0107	3.0234687323193	2.35962647973191e-22	2.35962647973191e-19
GENE_0108	-0.01488434922595	0.974388466434935	0.993216290588734
GENE_0109	-0.27201739222183	0.674891961005346	0.957721801016209
GENE_0110	0.301459863718225	0.305494266529885	0.771060309064251
GENE_0111	-0.0488899828118186	0.894394251044732	0.993216290588734
GENE_0112	0.209663542328981	0.534023215292371	0.879313172116157
GENE_0113	-0.339448638836024	0.399482474808672	0.817883651012055
GENE_0114	-0.155842709640302	0.683461534056532	0.957721801016209
GENE_0115	-0.80089380174643	0.269303505150248	0.733984654189153
GENE_0116	-0.750717099250578	0.0524764321871835	0.321941301761862
GENE_0117	-0.689064989669907	0.0998803913096487	0.45194747198936
GENE_0118	-0.746994889522741	0.125417336984487	0.512832713908044
GENE_0119	0.38891220440267	0.499675059115665	0.874549881361365
GENE_0120	-0.355218508754867	0.346076508825944	0.792508180188295
GENE_0121	0.472186888668977	0.311129971190452	0.775885214938783
GENE_0122	0.226321684928759	0.582467575179785	0.910895824872367
GENE_0123	0.635521070503448	0.147589983115205	0.556943332510209
GENE_0124	0.0163556651025829	0.96965432027299	0.993216290588734
GENE_0125	1.12319726628343	0.00162766393318452	0.0189263248044712
GENE_0126	-0.0236572423467637	0.95240572606832	0.993216290588734
GENE_0127	0.200571641172634	0.589924547399914	0.911784462751026
GENE_0128	0.0395778005882593	0.920744664416018	0.993216290588734
GENE_0129	-0.775608081788301	0.0356945939701923	0.244483520343783
GENE_0130	0.255820205212781	0.623089712014774	0.924050955854907
GENE_0131	0.0169523980954236	0.974573599412525	0.993216290588734
GENE_0132	0.0352172974026964	0.916100696203072	0.993216290588734
GENE_0133	-0.314012184277657	0.470965890912382	0.870546933294606
GENE_0134	2.47076890969722	2.95662023706006e-10	2.11187159790004e-08
GENE_0135	-0.891006588862136	0.0348679554699104	0.241640304714432
GENE_0136	0.562768137327551	0.125644014907471	0.512832713908044
GENE_0137	-0.792829080076982	0.018326847869299	0.152723732244158
GENE_0138	-0.256668060687157	0.464363039552076	0.860041243483536
GENE_0139	-0.477014791026219	0.303732691723431	0.771060309064251
GENE_0140	0.190874793016654	0.667512455336235	0.953589221908907
GENE_0141	-0.57771971113696	0.188160970058471	0.623049569730036
GENE_0142	0.608947747614909	0.264496875808963	0.733203413043411
GENE_0143	-0.199967447909558	0.691656554034138	0.958969538654688
GENE_0144	-0.291041101391023	0.491455943712152	0.874549881361365
GENE_0145	-0.465182714837765	0.257793446601315	0.720118569825761
GENE_0146	0.86146512599567	0.0302782043502149	0.217828808274927
GENE_0147	0.370245811457314	0.382662394140976	0.811085291240158
GENE_0148	-0.824301799578926	0.143816386919162	0.544759041360464
GENE_0149	-0.103120967694652	0.797623197674075	0.993216290588734
GENE_0150	-0.305909415528907	0.509684573950421	0.874549881361365
GENE_0151	-0.54293870530409	0.0961730637611118	0.445245665560703
GENE_0152	2.58478641640787	6.58807435314002e-10	4.11754647071251e-08
GENE_0153	0.355195140440494	0.447666883055724	0.843063809897785
GENE_0154	-0.665541433160511	0.223622455420884	0.681227168524567
GENE_0155	-0.395743613876196	0.370614548877144	0.802195993240572
GENE_0156	-0.43573240002561	0.264686432108671	0.733203413043411
GENE_0157	0.493485026796962	0.156997200348294	0.567605545724322
GENE_0158	-0.415761335097249	0.207499483888136	0.656412387504169
GENE_0159	0.675887343123083	0.197201602830493	0.634576680350411
GENE_0160	0.0892598681194839	0.805979538139565	0.993216290588734
GENE_0161	-0.0263438250737314	0.941825756934201	0.993216290588734
GENE_0162	0.0455570655212787	0.902514647863222	0.993216290588734
GENE_0163	-0.663544580873529	0.096884713477261	0.446473333996594
GENE_0164	-0.389986145437432	0.278322805312913	0.746173740785289
GENE_0165	-0.304547946650118	0.488463162375185	0.874549881361365
GENE_0166	1.45006073757728	0.0350378441835926	0.241640304714432
GENE_0167	0.103973003711917	0.823781380102974	0.993216290588734
GENE_0168	0.202181800979424	0.680981480529375	0.957721801016209
GENE_0169	-0.378525906496871	0.33546390883594	0.792508180188295
GENE_0170	-0.3008014731225	0.496537406655057	0.874549881361365
GENE_0171	2.26316776461718	7.14632459250639e-09	3.76122346974021e-07
GENE_0172	-0.211653667654665	0.537725499676281	0.880074467555288
GENE_0173	0.236861556903562	0.495413903048407	0.874549881361365
GENE_0174	-0.170540370246514	0.653863789721035	0.942166843978437
GENE_0175	2.67865305443397	3.24105508898714e-12	5.40175848164524e-10
GENE_0176	0.217724424225228	0.623554165486099	0.924050955854907
GENE_0177	-0.153709877963274	0.703809418607024	0.963226005902238
GENE_0178	1.04542394544026	0.0216265980139874	0.170288173338484
GENE_0179	0.291996833123274	0.493396504024894	0.874549881361365
GENE_0180	-0.410924403088088	0.268779872006802	0.733984654189153
GENE_0181	0.101182714739381	0.830333537905199	0.993216290588734
GENE_0182	-0.107017819172895	0.852647063410501	0.993216290588734
GENE_0183	0.0942192060276359	0.828376362705772	0.993216290588734
GENE_0184	-0.414767889539112	0.373047886068332	0.805718976389486
GENE_0185	0.297399519344708	0.489593421861911	0.874549881361365
GENE_0186	-0.963116511101207	0.0497796501347819	0.311122813342387
GENE_0187	0.0760346178693765	0.874085040246966	0.993216290588734
GENE_0188	-0.657658188492678	0.180760838109281	0.61505719961789
GENE_0189	-0.200576494464224	0.646748432518581	0.935960104947296
GENE_0190	-0.27355285521607	0.627824863444839	0.924050955854907
GENE_0191	-0.0767878988245994	0.86536813686421	0.993216290588734
GENE_0192	-0.0652643420108998	0.858748010073139	0.993216290588734
GENE_0193	-0.441405162807321	0.381395589833373	0.811085291240158
GENE_0194	-0.403377443099681	0.451976777813605	0.847986449931716
GENE_0195	-1.10123823302966	0.00488894725433444	0.0461788051841213
GENE_0196	-0.260935784665198	0.638733482639817	0.928641476299798
GENE_0197	-0.43760214654642	0.255989527379107	0.720118569825761
GENE_0198	-1.80412185316737	0.00489495334951686	0.0461788051841213
GENE_0199	0.211758497114475	0.549074910582039	0.88982773412179
GENE_0200	0.590458942900168	0.182392659074528	0.618280200252636
GENE_0201	-0.0973566338908037	0.851803412404929	0.993216290588734
GENE_0202	0.200438908164778	0.620032112456518	0.924050955854907
GENE_0203	-0.165331025317148	0.687857503152696	0.957721801016209
GENE_0204	-0.599687741818873	0.0755259409357821	0.386770331310635
GENE_0205	0.70910644645567	0.0838582793227488	0.405112460496371
GENE_0206	-0.589079514499567	0.141796956893113	0.542255713308142
GENE_0207	-0.293168260242059	0.396099050543858	0.817883651012055
GENE_0208	0.108266139345879	0.790877991418623	0.993216290588734
GENE_0209	-0.0235118302783086	0.954551596967619	0.993216290588734
GENE_0210	-0.0125093765960086	0.976208590033002	0.993216290588734
GENE_0211	-0.170212130896817	0.704689579442767	0.963226005902238
GENE_0212	-0.565993584498267	0.18082681668766	0.61505719961789
GENE_0213	0.382526532498868	0.391938335216361	0.817883651012055
GENE_0214	0.157338598917763	0.754768474998846	0.99181139947286
GENE_0215	0.090340271794784	0.78401495598323	0.993216290588734
GENE_0216	0.702450930616152	0.105738106945383	0.46173845827678
GENE_0217	0.262783839508559	0.481330208162559	0.874549881361365
GENE_0218	-0.0828314755250207	0.84256881754083	0.993216290588734
GENE_0219	-1.94427276460741	5.2142894942757e-06	0.00011094232966544
GENE_0220	0.668638945573416	0.118161333795819	0.494489643627291
GENE_0221	1.64485342354225	2.15430972847473e-05	0.000365137242114361
GENE_0222	0.451748433211674	0.307919800180416	0.773667839649287
GENE_0223	0.540065980732743	0.360909973887316	0.794066288826934
GENE_0224	-0.0624572108304863	0.88503663305745	0.993216290588734
GENE_0225	-0.0652532930765364	0.902785787690884	0.993216290588734
GENE_0226	2.09404265094786	3.12772301221104e-08	1.56386150610552e-06
GENE_0227	1.96130156656472	6.18978726188577e-06	0.000126322189018077
GENE_0228	-1.46257199444492	0.0121603781753402	0.106669983994212
GENE_0229	-0.410237771831918	0.361161870733854	0.794066288826934
GENE_0230	0.701905348349309	0.0975868537031587	0.447646117904398
GENE_0231	0.697972859040823	0.0584800902087376	0.336092472464009
GENE_0232	0.40583648945244	0.37597322440755	0.807869902642039
GENE_0233	-0.34068878270102	0.495251768565814	0.874549881361365
GENE_0234	0.241819943925043	0.569965311406195	0.909700235598601
GENE_0235	0.604133884417237	0.314602674194396	0.782593716901482
GENE_0236	-0.690381112718155	0.0806945371539998	0.394912332566913
GENE_0237	2.56040937611389	1.14145167678201e-10	8.78039751370774e-09
GENE_0238	0.0391722528891	0.923680732941857	0.993216290588734
GENE_0239	0.0373892017741175	0.915206983450013	0.993216290588734
GENE_0240	0.579530925946405	0.141612335328313	0.542255713308142
GENE_0241	0.407186016321966	0.42120074933744	0.823964195811196
GENE_0242	-0.313613436524724	0.579704438194245	0.910895824872367
GENE_0243	0.708571277816437	0.0783673283713236	0.392887236184191
GENE_0244	-1.59984451467036	0.00405400244755317	0.039745122034835
GENE_0245	-1.02332990741402	0.0476538030763391	0.305395900984593
GENE_0246	-0.461852326738166	0.227258574497028	0.682458181672756
GENE_0247	0.664195304553165	0.067636826149444	0.367591446464369
GENE_0248	0.173077317695098	0.744198806283306	0.988088101737694
GENE_0249	0.496334861375387	0.191532362567675	0.630040666341037
GENE_0250	-0.208665931640897	0.547871036390663	0.88982773412179
GENE_0251	0.0197783388858235	0.960853777852609	0.993216290588734
GENE_0252	0.100564567250726	0.772247348353287	0.993216290588734
GENE_0253	0.0837358357358031	0.866003663161117	0.993216290588734
GENE_0254	0.0224969040175297	0.956506825850184	0.993216290588734
GENE_0255	0.516783180017195	0.153078504045465	0.564865328581053
GENE_0256	1.69262240633031	8.05150828075757e-05	0.00115321812354559
GENE_0257	-0.656941380409029	0.155410049896017	0.567189963124148
GENE_0258	1.92882276098484	8.68943646207326e-11	7.24119705172772e-09
GENE_0259	-1.70196321615329	1.88475572859367e-05	0.000336563522963156
GENE_0260	-0.0230794744056543	0.961857296606365	0.993216290588734
GENE_0261	0.200789735295303	0.700592589215175	0.963226005902238
GENE_0262	-1.84172460571931	6.53843353394831e-08	2.97201524270378e-06
GENE_0263	-0.708547026250723	0.196810744485392	0.634576680350411
GENE_0264	-0.402957899192365	0.350021479751008	0.792508180188295
GENE_0265	0.14172972243694	0.750339264299791	0.989893488522152
GENE_0266	0.495064625437924	0.387452643593114	0.817883651012055
GENE_0267	-0.310583138918732	0.394590059785622	0.817883651012055
GENE_0268	0.339643295593706	0.318007714819626	0.784003605273242
GENE_0269	0.104079348324585	0.82949609818985	0.993216290588734
GENE_0270	0.248846244005678	0.49856297522544	0.874549881361365
GENE_0271	1.20417020202817	0.00202831914456156	0.0225368793840173
GENE_0272	-0.132056743458383	0.809039312671529	0.993216290588734
GENE_0273	-0.972455558835707	0.028216982510551	0.205963375989423
GENE_0274	0.386251044948192	0.333148707141439	0.792508180188295
GENE_0275	-1.17020272351188	0.00246675738848885	0.0254304885411222
GENE_0276	-0.263878072694857	0.477440755364395	0.874549881361365
GENE_0277	-0.0466022223887122	0.919548786181903	0.993216290588734
GENE_0278	0.512730393249929	0.217874770228658	0.676629721207012
GENE_0279	-0.173301396833464	0.729232981574595	0.977524103987393
GENE_0280	0.618026468176815	0.129242066796487	0.523247233993876
GENE_0281	-0.21748983726408	0.584992059794842	0.910895824872367
GENE_0282	0.114739501177963	0.77801087197337	0.993216290588734
GENE_0283	-0.210172353556095	0.587527807042677	0.910895824872367
GENE_0284	-0.0448734156670095	0.932619259978997	0.993216290588734
GENE_0285	-0.904706804622385	0.0537646509301317	0.323883439338143
GENE_0286	-0.729281621224114	0.0203315799984958	0.161361746019808
GENE_0287	0.0167012192895482	0.962260227558193	0.993216290588734
GENE_0288	0.222915870915846	0.572372366011174	0.910503998583035
GENE_0289	-0.212105799307168	0.616118621192159	0.922333265257723
GENE_0290	0.0288978644815648	0.958735557056304	0.993216290588734
GENE_0291	-0.496161878174962	0.186208793494032	0.622529075812246
GENE_0292	0.340275602897313	0.423011355049604	0.823964195811196
GENE_0293	-0.153302001235667	0.721551635313927	0.971438574775489
GENE_0294	-0.252863018907262	0.629278700937192	0.924050955854907
GENE_0295	-0.589399499697797	0.13107443737932	0.526403362969157
GENE_0296	-1.03718212829302	0.0436153394593471	0.285067578165667
GENE_0297	-1.29402282200169	0.0172811418202892	0.14645035440923
GENE_0298	0.459828702925658	0.242585358730988	0.699093252827054
GENE_0299	0.0516079484504558	0.898374012708062	0.993216290588734
GENE_0300	-0.0874782737020055	0.829400924711668	0.993216290588734
GENE_0301	-0.326941242467222	0.572707015108729	0.910503998583035
GENE_0302	0.291970145875163	0.494822802562862	0.874549881361365
GENE_0303	-2.3919009152429	1.54437575019853e-11	1.71597305577614e-09
GENE_0304	0.440576209019755	0.431137883720319	0.827519930365295
GENE_0305	0.26014835777501	0.51248623047776	0.874549881361365
GENE_0306	0.150585966471853	0.735739482691723	0.982295704528335
GENE_0307	2.48089726053944	1.33078516072951e-14	4.43595053576503e-12
GENE_0308	-0.143897900500558	0.796883220861906	0.993216290588734
GENE_0309	-0.413277221332814	0.387844502138164	0.817883651012055
GENE_0310	-1.68623823399223	5.78435208415578e-05	0.000889900320639351
GENE_0311	-0.83377599471839	0.0880442257581817	0.415302951689536
GENE_0312	-0.493906509524248	0.115245930754547	0.4888578018762
GENE_0313	0.109459953568648	0.792685332621985	0.993216290588734
GENE_0314	0.544101999536166	0.221162910969934	0.680611284950445
GENE_0315	-0.221351406794264	0.491282610039897	0.874549881361365
GENE_0316	0.325904180074064	0.511137647768301	0.874549881361365
GENE_0317	0.636700354457582	0.213689321167309	0.665698819835854
GENE_0318	-0.426965672075563	0.360858652231319	0.794066288826934
GENE_0319	-2.50988853124263	2.52858480902918e-06	5.88042978843995e-05
GENE_0320	0.0224404227701948	0.957037903074865	0.993216290588734
GENE_0321	0.587873624879437	0.150538476547654	0.559622589396483
GENE_0322	-0.279459627828796	0.551052455942272	0.88982773412179
GENE_0323	0.129022502172667	0.761267296421453	0.993216290588734
GENE_0324	-1.37612093931609	8.07252686481911e-05	0.00115321812354559
GENE_0325	-0.348723781438482	0.301310992119057	0.771060309064251
GENE_0326	-0.0445820449217243	0.940147636149915	0.993216290588734
GENE_0327	0.369521260385895	0.416103169023786	0.823964195811196
GENE_0328	1.19892514681381	0.0163117227865665	0.139416434073218
GENE_0329	1.01372507378007	0.0249729034770142	0.184984470200106
GENE_0330	0.240038256351257	0.568306324094535	0.909290118551256
GENE_0331	-0.265250119493918	0.42746716027279	0.827519930365295
GENE_0332	-0.541336105309098	0.271388133968577	0.734104392764016
GENE_0333	0.936901943424988	0.0201772988656483	0.161361746019808
GENE_0334	-1.68763131776639	8.01085383723145e-05	0.00115321812354559
GENE_0335	-0.637552834571126	0.154774456749591	0.566939402013153
GENE_0336	-0.365882898165212	0.405926784966558	0.822244865558937
GENE_0337	-1.67498756089373	8.13361725792145e-07	2.2593381272004e-05
GENE_0338	-0.0473780760438469	0.899196831895686	0.993216290588734
GENE_0339	-0.268461043736888	0.530421140438702	0.877082536577523
GENE_0340	2.99801216965634	4.14741318899605e-14	1.03685329724901e-11
GENE_0341	-0.616143022336032	0.0580386007502261	0.335483241330787
GENE_0342	0.225013583413915	0.615822349742477	0.922333265257723
GENE_0343	-0.0688874064245368	0.894960820519589	0.993216290588734
GENE_0344	0.0363977362936731	0.943253450609582	0.993216290588734
GENE_0345	0.938674086888896	0.0563372746775951	0.331395733397618
GENE_0346	0.156371163013046	0.767837331972543	0.993216290588734
GENE_0347	0.273775965363081	0.483724460566837	0.874549881361365
GENE_0348	0.033468976044032	0.932534147092411	0.993216290588734
GENE_0349	0.109297416712828	0.798543571087528	0.993216290588734
GENE_0350	-0.341192934492513	0.517833180828898	0.876639554752609
GENE_0351	-0.682605649007649	0.0714221506772316	0.37822222571863
GENE_0352	-0.176596804733828	0.620612073538292	0.924050955854907
GENE_0353	-0.36787876750971	0.518093976858792	0.876639554752609
GENE_0354	-0.246466924233083	0.575956944203058	0.910895824872367
GENE_0355	-0.526118328600614	0.224896221262054	0.681227168524567
GENE_0356	0.901083063913921	0.00793903768100531	0.0728352080826175
GENE_0357	-0.493851659107535	0.193627319480424	0.633466063496356
GENE_0358	-2.32118446251513	7.55784980549258e-07	2.15938565871217e-05
GENE_0359	-0.559226640915222	0.236531035703919	0.693639400891257
GENE_0360	-0.384131516489513	0.490962313963321	0.874549881361365
GENE_0361	-0.0363160764938554	0.933854224752264	0.993216290588734
GENE_0362	0.351358609582572	0.363493564162405	0.795390731208764
GENE_0363	0.107021810936536	0.732155705918414	0.978817788660981
GENE_0364	0.442551386208027	0.318305463740936	0.784003605273242
GENE_0365	-0.727318437211428	0.0707153071076851	0.37815672250099
GENE_0366	-0.450374672747192	0.417727492134506	0.823964195811196
GENE_0367	-0.621373947972355	0.148192107378217	0.557113185632396
GENE_0368	-0.813780101786612	0.117935347359341	0.494489643627291
GENE_0369	0.359319424537501	0.283453716059329	0.75287187534256
GENE_0370	0.510232414717379	0.115370441242783	0.4888578018762
GENE_0371	-0.284172182950487	0.496971540985746	0.874549881361365
GENE_0372	-0.103714233907923	0.81118583902389	0.993216290588734
GENE_0373	0.315301285228857	0.446927413305746	0.843063809897785
GENE_0374	0.268294059849869	0.517067750969155	0.876639554752609
GENE_0375	0.592305655814423	0.183364174062574	0.619473561022209
GENE_0376	1.36064445074839	0.00454161344758275	0.044093334442551
GENE_0377	0.224931626790095	0.655145891712457	0.942655959298499
GENE_0378	-2.00704874913479	5.51080277316815e-07	1.72212586661505e-05
GENE_0379	-0.0866658294440699	0.822813476013779	0.993216290588734
GENE_0380	0.173456495398993	0.684642077449408	0.957721801016209
GENE_0381	0.196466678261913	0.633855139717238	0.927208217566006
GENE_0382	1.86165398814094	4.68346244740291e-06	0.000101814401030498
GENE_0383	-0.275948146933106	0.55169319515551	0.88982773412179
GENE_0384	0.975177701837732	0.0218733184436931	0.170506722532235
GENE_0385	-0.120228410532073	0.794158904299243	0.993216290588734
GENE_0386	0.310391261049539	0.511471082152754	0.874549881361365
GENE_0387	0.422048004420938	0.393069967674978	0.817883651012055
GENE_0388	-1.03988841411336	0.0670600628177443	0.366448430698056
GENE_0389	-0.525421173369008	0.283832697004145	0.75287187534256
GENE_0390	-2.33609506345971	2.76456457735363e-07	8.91795024952783e-06
GENE_0391	-1.4242057246924	0.0323225675132894	0.227768628922021
GENE_0392	0.0102196979178624	0.977295278395004	0.993216290588734
GENE_0393	-1.98689842206238	0.000822354928033553	0.0100287186345555
GENE_0394	0.0505046137571745	0.910218644059612	0.993216290588734
GENE_0395	-0.807856355619641	0.0847282876315447	0.405398505414089
GENE_0396	1.16820112821582	0.00217536402050362	0.0233910109731572
GENE_0397	0.0618472835523791	0.868488498474535	0.993216290588734
GENE_0398	-0.28432911349669	0.48863572838217	0.874549881361365
GENE_0399	-0.512329622742551	0.208350282836972	0.656412387504169
GENE_0400	-0.567173915083719	0.0899602367165799	0.422348529185821
GENE_0401	0.0276071990440576	0.957233250505098	0.993216290588734
GENE_0402	0.355132657531987	0.395765183906154	0.817883651012055
GENE_0403	0.456670393552733	0.309585182972702	0.775705785472814
GENE_0404	-0.677316566243124	0.196648400583111	0.634576680350411
GENE_0405	-0.341004496657338	0.41030018791391	0.822244865558937
GENE_0406	-0.0975600505243536	0.788555769434233	0.993216290588734
GENE_0407	-0.25921631630314	0.540170904852608	0.881761437300162
GENE_0408	-0.638731079589881	0.137811434608304	0.532090481113142
GENE_0409	0.127482803203068	0.786109432514632	0.993216290588734
GENE_0410	0.538089245883492	0.118183024826923	0.494489643627291
GENE_0411	0.0083716703643483	0.978318046229903	0.993216290588734
GENE_0412	-0.777947996513665	0.0441682265169017	0.286806665694167
GENE_0413	-1.18636016736199	0.0023284367113839	0.0242545490769156
GENE_0414	0.0658190490529393	0.867337405465174	0.993216290588734
GENE_0415	-0.248538955171746	0.588988193781899	0.91174643000294
GENE_0416	1.74980355125593	1.08114205987445e-05	0.00020398906790084
GENE_0417	2.7589036368273	5.29162896952107e-12	6.61453621190134e-10
GENE_0418	-0.8211863578468	0.0511542385751908	0.31649845912854
GENE_0419	0.218805592830087	0.677041574183779	0.957721801016209
GENE_0420	-0.311776568213615	0.440376760919426	0.83515267005376
GENE_0421	0.138197443823836	0.800343454914917	0.993216290588734
GENE_0422	-0.383797201398032	0.423015454644084	0.823964195811196
GENE_0423	-0.641744357006886	0.234197410085478	0.693170288094816
GENE_0424	0.683002380733865	0.187123811662895	0.622529075812246
GENE_0425	0.708765665662403	0.13529731546895	0.526448698322764
GENE_0426	-0.153594948444014	0.748495013520708	0.988764879155493
GENE_0427	0.289600870269715	0.613638582177368	0.922333265257723
GENE_0428	2.0389525239271	6.6040882951856e-06	0.000132081765903712
GENE_0429	0.340446346241819	0.221198667608894	0.680611284950445
GENE_0430	-0.208782050925062	0.704056580113236	0.963226005902238
GENE_0431	-0.322440001334111	0.277506082493512	0.745984092724494
GENE_0432	-0.478997039035612	0.24539109032742	0.705146811285688
GENE_0433	-0.244334751041686	0.603685708461552	0.91927201927534
GENE_0434	0.142321347148738	0.724422628517235	0.973686328652197
GENE_0435	-0.418078926872778	0.429547652209806	0.827519930365295
GENE_0436	-0.661106341053009	0.0392668144019509	0.265316313526695
GENE_0437	0.0854820644171718	0.846260362795371	0.993216290588734
GENE_0438	-1.6113240734934	0.00668720071898412	0.0619185251757789
GENE_0439	-0.804188209666302	0.0567100611402693	0.331637784446019
GENE_0440	-0.000528749848166208	0.999290291772924	0.999463175112376
GENE_0441	-0.549042216722075	0.197687605610981	0.634576680350411
GENE_0442	-0.793594803079809	0.0292348901247171	0.211847029889254
GENE_0443	0.515276319061399	0.348043088286	0.792508180188295
GENE_0444	0.445460788867691	0.353972910832702	0.792508180188295
GENE_0445	-0.30774031135043	0.454161643714892	0.850489969503543
GENE_0446	-0.773450913979891	0.0536670094609274	0.323883439338143
GENE_0447	0.0235595435749719	0.954899265401132	0.993216290588734
GENE_0448	0.00367896513225394	0.993610551108727	0.999463175112376
GENE_0449	-0.161011276240633	0.714329293486115	0.968176586106599
GENE_0450	-0.0678752045094514	0.82744821280803	0.993216290588734
GENE_0451	0.105306301361624	0.814893399893765	0.993216290588734
GENE_0452	0.296491124953463	0.506578232706555	0.874549881361365
GENE_0453	0.994015145845362	0.0246930441058032	0.18427644855077
GENE_0454	-0.105104131067661	0.745179643131548	0.988088101737694
GENE_0455	0.130047001733701	0.768120284534022	0.993216290588734
GENE_0456	0.778395003801118	0.0921254010421283	0.428490237405248
GENE_0457	0.277651631110799	0.52888259209064	0.877082536577523
GENE_0458	0.295226099055327	0.577618003712011	0.910895824872367
GENE_0459	0.235083786452189	0.56819093991157	0.909290118551256
GENE_0460	0.0867266885226463	0.877717084842324	0.993216290588734
GENE_0461	-0.202513415384275	0.477759352312315	0.874549881361365
GENE_0462	0.209213775255218	0.607275455208014	0.922333265257723
GENE_0463	0.0292082156810693	0.950837527429991	0.993216290588734
GENE_0464	-1.61819388291404	0.000856190536966493	0.0103155486381505
GENE_0465	0.54560459797601	0.353627683914215	0.792508180188295
GENE_0466	-0.00922358515815987	0.98098375957586	0.994373231218901
GENE_0467	-0.0365780397081989	0.930008638937476	0.993216290588734
GENE_0468	0.179188861163558	0.721778861058188	0.971438574775489
GENE_0469	1.81537163571411	2.07630151117552e-07	7.41536253991256e-06
GENE_0470	0.375098865282172	0.399945105344895	0.817883651012055
GENE_0471	-0.831556328725737	0.378030142340257	0.807869902642039
GENE_0472	0.491384528321912	0.168994306865603	0.589514481828614
GENE_0473	-0.457576385424273	0.130339456822325	0.525562325896473
GENE_0474	-1.80233379674754	1.67125548945183e-05	0.000303864634445787
GENE_0475	0.0656059655460154	0.892165692960859	0.993216290588734
GENE_0476	0.322199452546216	0.345883102779954	0.792508180188295
GENE_0477	0.170301433270587	0.790207775725515	0.993216290588734
GENE_0478	0.626156144136211	0.157226736165637	0.567605545724322
GENE_0479	-0.105440107510876	0.783626998988254	0.993216290588734
GENE_0480	0.0497045724169107	0.941323696186711	0.993216290588734
GENE_0481	-0.341805409690294	0.327505901073682	0.792508180188295
GENE_0482	0.132817102046136	0.741674109430449	0.987582036525232
GENE_0483	-0.119391695514267	0.836545637075674	0.993216290588734
GENE_0484	0.508464502273495	0.203770084975197	0.648949315207633
GENE_0485	0.195432196467405	0.746994604913696	0.988088101737694
GENE_0486	0.588566533351595	0.0869695337759572	0.41217788519411
GENE_0487	0.167051548906855	0.744298149712243	0.988088101737694
GENE_0488	0.334415920445274	0.429291860101367	0.827519930365295
GENE_0489	-0.869012097293368	0.0785774472368383	0.392887236184191
GENE_0490	-0.223021728302762	0.535491087389502	0.879313172116157
GENE_0491	0.000292137292234528	0.999463175112376	0.999463175112376
GENE_0492	0.0232170820218165	0.965069515375053	0.993216290588734
GENE_0493	0.351763223122865	0.35521390529499	0.792508180188295
GENE_0494	0.755116609820792	0.0764184277852532	0.387910800940372
GENE_0495	-0.51782036941981	0.212585171134352	0.664574036482251
GENE_0496	0.650197144848609	0.228330963091281	0.682969966226151
GENE_0497	-0.407878127964635	0.344148543606177	0.792508180188295
GENE_0498	-0.631370491189129	0.0996564578449974	0.45194747198936
GENE_0499	0.256031897879842	0.579193715711256	0.910895824872367
GENE_0500	0.0733304046398882	0.860090120030236	0.993216290588734
GENE_0501	-0.276665880715748	0.600453469880424	0.91927201927534
GENE_0502	0.22338827735943	0.671534020997512	0.956601169512125
GENE_0503	0.0824137721067455	0.856401318565928	0.993216290588734
GENE_0504	-0.23055075866985	0.586852099162481	0.910895824872367
GENE_0505	2.32780647690202	2.64260929693725e-06	6.00593022031192e-05
GENE_0506	0.258437016285676	0.586548233126941	0.910895824872367
GENE_0507	-1.07240353169594	0.00876342662711847	0.0789497894334997
GENE_0508	0.129482830294666	0.713180113304653	0.968176586106599
GENE_0509	-0.266170078738271	0.490396231688556	0.874549881361365
GENE_0510	-0.156526970939245	0.669384273705773	0.95489910657029
GENE_0511	0.60472604769359	0.197987924269328	0.634576680350411
GENE_0512	-0.137613465119397	0.751368008844179	0.98994467568403
GENE_0513	-0.0242575195263379	0.946226187776164	0.993216290588734
GENE_0514	0.388021050526174	0.320893127149192	0.78457977298091
GENE_0515	-0.73131294625545	0.123428457710731	0.51027548148058
GENE_0516	-0.0391954046439588	0.947149384774038	0.993216290588734
GENE_0517	-0.115023568468718	0.759753015825108	0.993216290588734
GENE_0518	-2.07293073772062	0.00287219653761165	0.0287219653761165
GENE_0519	0.314576770853095	0.524938339221818	0.877082536577523
GENE_0520	-0.330777538025407	0.576839542438199	0.910895824872367
GENE_0521	-0.0364207080762593	0.92400275175778	0.993216290588734
GENE_0522	-0.502658326113283	0.0855630731459328	0.407443205456823
GENE_0523	-0.43414014603882	0.152307077064479	0.564100285423995
GENE_0524	0.0215370577628077	0.949922303479197	0.993216290588734
GENE_0525	-0.452600032746762	0.393331712676081	0.817883651012055
GENE_0526	-0.0456703972122588	0.924920778507055	0.993216290588734
GENE_0527	-0.427935911754334	0.310282314189126	0.775705785472814
GENE_0528	-0.902235683549876	0.0560758882528831	0.331395733397618
GENE_0529	0.472376449521778	0.187381251819486	0.622529075812246
GENE_0530	0.701319037220319	0.156872046298855	0.567605545724322
GENE_0531	-0.518121884740149	0.204831310145718	0.650258127446722
GENE_0532	1.69592040877986	6.96032168176522e-08	3.02622681815879e-06
GENE_0533	0.13411523831044	0.774494175522823	0.993216290588734
GENE_0534	-2.82233587939324	0.000174984016404276	0.00230242126847731
GENE_0535	0.231135049469934	0.68750744043241	0.957721801016209
GENE_0536	-0.00108266436369882	0.997539736601147	0.999463175112376
GENE_0537	0.0889660551606934	0.831687361066733	0.993216290588734
GENE_0538	0.0199187778256838	0.961567116026701	0.993216290588734
GENE_0539	-0.0843572567068611	0.829755829887461	0.993216290588734
GENE_0540	-0.475131430750304	0.417258146701687	0.823964195811196
GENE_0541	0.0905125662586733	0.847797844416473	0.993216290588734
GENE_0542	-0.596142236206387	0.208739139226326	0.656412387504169
GENE_0543	0.0615326873854771	0.904219073896592	0.993216290588734
GENE_0544	-2.18034917411527	0.000156016052305203	0.00216688961535004
GENE_0545	0.0658627464763251	0.861732640348629	0.993216290588734
GENE_0546	0.229248256041582	0.526889624285178	0.877082536577523
GENE_0547	0.345434335187771	0.440517806906726	0.83515267005376
GENE_0548	0.602027396479672	0.103197397265078	0.452817126881001
GENE_0549	-0.11582916909689	0.785825491316908	0.993216290588734
GENE_0550	0.463424337302278	0.11532517502733	0.4888578018762
GENE_0551	-0.00176017662531453	0.996924682488621	0.999463175112376
GENE_0552	-0.574961260499972	0.1234866665183	0.51027548148058
GENE_0553	-0.545946776257649	0.150467893202374	0.559622589396483
GENE_0554	0.121675207132246	0.763579742320581	0.993216290588734
GENE_0555	-1.04057424475841	0.0228797739875468	0.173331621117779
GENE_0556	0.002974385250652	0.99389960248121	0.999463175112376
GENE_0557	-0.0960060307198359	0.781707195553776	0.993216290588734
GENE_0558	0.372194524681902	0.327497809055772	0.792508180188295
GENE_0559	-0.344481683911299	0.449123681358264	0.844217446162151
GENE_0560	-0.394386751695791	0.271618625322686	0.734104392764016
GENE_0561	-0.132787092570405	0.805679911988597	0.993216290588734
GENE_0562	0.878468405004708	0.0749837339266621	0.386514092405475
GENE_0563	0.129389358633146	0.697502847277026	0.963226005902238
GENE_0564	0.448736867537728	0.28872854761657	0.757817710279712
GENE_0565	-0.574012595772471	0.320487996014683	0.78457977298091
GENE_0566	-1.02698289507086	0.0543085055732088	0.32493031861959
GENE_0567	-0.34907576885477	0.506108063758121	0.874549881361365
GENE_0568	0.310791026582706	0.477233217868208	0.874549881361365
GENE_0569	0.28379348808979	0.625291376609179	0.924050955854907
GENE_0570	-0.726969265065156	0.0480538720109625	0.305395900984593
GENE_0571	0.0656028677936709	0.862082321088687	0.993216290588734
GENE_0572	-0.00632161516151602	0.987136615293845	0.998115890084777
GENE_0573	-0.375431555490453	0.303984058322535	0.771060309064251
GENE_0574	-0.127497502082722	0.763685258651332	0.993216290588734
GENE_0575	0.548285782478545	0.287786551333835	0.757817710279712
GENE_0576	-0.306735021278721	0.440960609788385	0.83515267005376
GENE_0577	0.020945234445281	0.962321659007988	0.993216290588734
GENE_0578	-0.537171989504995	0.127791419221389	0.519477313908083
GENE_0579	0.687143926923318	0.234291557376048	0.693170288094816
GENE_0580	0.362745903032328	0.409847898052121	0.822244865558937
GENE_0581	0.350107486792339	0.338582910543418	0.792508180188295
GENE_0582	-0.174241653178164	0.787760439507973	0.993216290588734
GENE_0583	0.135020940424872	0.706697048666987	0.964116028195071
GENE_0584	-0.314545833584533	0.382832257465355	0.811085291240158
GENE_0585	0.840439300291192	0.0729148082739329	0.381752922900172
GENE_0586	0.079601052732056	0.817145467927421	0.993216290588734
GENE_0587	0.323149756108362	0.579871628480647	0.910895824872367
GENE_0588	-1.43018302150772	0.000460160165147381	0.00575200206434226
GENE_0589	0.81802898961084	0.163824307285778	0.583004652262557
GENE_0590	0.380441412643353	0.316111488937978	0.784003605273242
GENE_0591	-0.194881397908405	0.703885492732791	0.963226005902238
GENE_0592	0.0945551166659319	0.86415935796658	0.993216290588734
GENE_0593	-2.55376521888907	2.06242790665521e-09	1.14579328147511e-07
GENE_0594	-0.350143968441664	0.252947286929231	0.716564552207452
GENE_0595	-0.130682728281493	0.787994004287553	0.993216290588734
GENE_0596	0.226651316614058	0.523195482685108	0.877082536577523
GENE_0597	-0.223944021689989	0.645906976976773	0.935960104947296
GENE_0598	0.0294955853458493	0.945497500653777	0.993216290588734
GENE_0599	0.0537077701687874	0.904286097751312	0.993216290588734
GENE_0600	0.447807678571803	0.330111190691211	0.792508180188295
GENE_0601	0.480111606852301	0.34684012629845	0.792508180188295
GENE_0602	0.0254557046443039	0.951737661568073	0.993216290588734
GENE_0603	-0.700407892601732	0.0594225557698099	0.337628157783011
GENE_0604	-0.0242130213747043	0.965624230518391	0.993216290588734
GENE_0605	0.370292207212589	0.279859446469537	0.748287290025501
GENE_0606	-0.119050038896642	0.685876803430629	0.957721801016209
GENE_0607	-0.567817450989844	0.339814516531427	0.792508180188295
GENE_0608	2.06203046051689	2.46545003203813e-07	8.21816677346043e-06
GENE_0609	0.146356048280559	0.71932648345217	0.971438574775489
GENE_0610	0.048123301656074	0.913886691510383	0.993216290588734
GENE_0611	0.0141245217920571	0.9707800172178	0.993216290588734
GENE_0612	1.02636152090626	0.0014298996613624	0.0168223489572047
GENE_0613	0.128131257838988	0.720478807134442	0.971438574775489
GENE_0614	0.241000171589419	0.560277608326166	0.902218370895598
GENE_0615	0.312017639058835	0.41025115238667	0.822244865558937
GENE_0616	-0.0111911683965687	0.981446379213055	0.994373231218901
GENE_0617	0.575715535008839	0.396787603876335	0.817883651012055
GENE_0618	0.354351472968522	0.496559488341421	0.874549881361365
GENE_0619	0.461600865095571	0.168694798585949	0.589514481828614
GENE_0620	0.153838204889443	0.781086958770754	0.993216290588734
GENE_0621	0.567561485220206	0.135045567815257	0.526448698322764
GENE_0622	0.108512991334033	0.813858271485816	0.993216290588734
GENE_0623	-0.197421198360588	0.634210420815148	0.927208217566006
GENE_0624	-0.371932675354698	0.570382047720323	0.909700235598601
GENE_0625	-1.51120479186973	0.000163161093364731	0.00223508347074973
GENE_0626	-0.0849671354171007	0.85925877727084	0.993216290588734
GENE_0627	0.236161122754702	0.612592505926659	0.922333265257723
GENE_0628	-0.378350584350052	0.333183777575062	0.792508180188295
GENE_0629	0.00137649268892745	0.996931749204447	0.999463175112376
GENE_0630	1.07405366022768	0.081351940508784	0.394912332566913
GENE_0631	-0.285971080667833	0.43331595587141	0.830107195155959
GENE_0632	0.0692816016677071	0.871998242146425	0.993216290588734
GENE_0633	-0.106453552860747	0.794397239021132	0.993216290588734
GENE_0634	-0.0405332574334323	0.922786511989103	0.993216290588734
GENE_0635	0.0452084510925009	0.925044578632987	0.993216290588734
GENE_0636	-0.367273176838787	0.418241217478687	0.823964195811196
GENE_0637	-0.742310553176899	0.0718622228865397	0.37822222571863
GENE_0638	0.102171075206189	0.784654093079996	0.993216290588734
GENE_0639	0.0701270226856125	0.864944212443105	0.993216290588734
GENE_0640	-1.22757182918776	0.0319669462141415	0.227768628922021
GENE_0641	0.85920753800935	0.0221658739291905	0.170506722532235
GENE_0642	0.90814494940561	0.0179890865128041	0.151168794225245
GENE_0643	-0.223272911612096	0.496929162233969	0.874549881361365
GENE_0644	-0.393475574296819	0.302068676908787	0.771060309064251
GENE_0645	0.0186372837014	0.960081327825108	0.993216290588734
GENE_0646	-0.210594630025466	0.628565698323771	0.924050955854907
GENE_0647	1.11537367198858	0.0482525523555656	0.305395900984593
GENE_0648	0.284149031797319	0.613349596700116	0.922333265257723
GENE_0649	-0.0538492991256804	0.924146210664096	0.993216290588734
GENE_0650	0.509923616045164	0.257096671764014	0.720118569825761
GENE_0651	0.59882355470058	0.0799717396771921	0.393949456537892
GENE_0652	-0.133570869979379	0.746628008815844	0.988088101737694
GENE_0653	-0.0376170099543535	0.917046463581176	0.993216290588734
GENE_0654	1.04410673991193	0.0390766536643591	0.265316313526695
GENE_0655	-0.0973306455233112	0.86151491304367	0.993216290588734
GENE_0656	-1.56465378102661	0.0196355605479187	0.160947217605891
GENE_0657	-0.344374153347324	0.397458454575618	0.817883651012055
GENE_0658	1.08362464651133	0.00207647288172073	0.0227909590414296
GENE_0659	0.215591946762671	0.709494332253761	0.966613531680873
GENE_0660	1.65401746393979	3.59798244668262e-06	7.99551654818361e-05
GENE_0661	-0.84370489143998	0.11171522280265	0.479464475547855
GENE_0662	-1.53111869901842	5.66947349869047e-05	0.000885855234170385
GENE_0663	-0.597370201984842	0.135080533130334	0.526448698322764
GENE_0664	0.503129120225794	0.302280423303972	0.771060309064251
GENE_0665	-0.335505593070482	0.502049950568319	0.874549881361365
GENE_0666	-0.647741772101288	0.0632010943502627	0.351117190834793
GENE_0667	-0.0683179744508421	0.893944919335707	0.993216290588734
GENE_0668	-0.160463292972628	0.615907191161985	0.922333265257723
GENE_0669	1.15606644959743	0.0194769372440389	0.160947217605891
GENE_0670	0.0225678424820936	0.954357971122673	0.993216290588734
GENE_0671	-0.167780940868497	0.715482497132776	0.968176586106599
GENE_0672	0.061532074288327	0.897957003058817	0.993216290588734
GENE_0673	0.188348469303299	0.685319156802903	0.957721801016209
GENE_0674	0.0928468258248079	0.799835632128553	0.993216290588734
GENE_0675	-0.233220161190491	0.643628966492275	0.934149443385014
GENE_0676	0.218861713423311	0.679598589528773	0.957721801016209
GENE_0677	0.314214753320751	0.472911159310851	0.872529814226663
GENE_0678	-0.710476531444243	0.0636525551985817	0.351671575682772
GENE_0679	0.0371089503108236	0.944683127256378	0.993216290588734
GENE_0680	-0.16743063725022	0.603796939412948	0.91927201927534
GENE_0681	-0.666753366098676	0.137037233364102	0.531152067302719
GENE_0682	-1.49353427292787	0.00834046220176998	0.0758223836524543
GENE_0683	2.70589862563736	4.26348111357054e-12	6.09068730510078e-10
GENE_0684	-0.0320987136441026	0.920970909287376	0.993216290588734
GENE_0685	-0.767061570604502	0.119821806378171	0.499257526575714
GENE_0686	1.1324090609637	0.0136298769197315	0.117498938963203
GENE_0687	0.225693450510143	0.630276833908463	0.924159580510943
GENE_0688	0.167739001796924	0.737896719769478	0.983862293025971
GENE_0689	-2.32907473276539	1.17345989531686e-05	0.000217307388021641
GENE_0690	0.246661202272566	0.48438181098605	0.874549881361365
GENE_0691	2.0476582356656	1.04173788943278e-06	2.74141549850732e-05
GENE_0692	1.9032020705335	9.09891917362334e-08	3.79121632234306e-06
GENE_0693	0.552930091744205	0.165180912405048	0.583666081965321
GENE_0694	0.191280579913032	0.636809479490622	0.928293701881374
GENE_0695	-0.307832076372524	0.413252022675654	0.823964195811196
GENE_0696	0.578521023227939	0.142070996886733	0.542255713308142
GENE_0697	0.392379041035252	0.381714274080923	0.811085291240158
GENE_0698	-0.0262938918160656	0.949148068386975	0.993216290588734
GENE_0699	-0.0796665832993207	0.819030366963775	0.993216290588734
GENE_0700	0.430409066387892	0.239219370954269	0.695405148122874
GENE_0701	0.0798803351775383	0.8684293916775	0.993216290588734
GENE_0702	-2.77663027145043	1.22751859310099e-19	6.13759296550494e-17
GENE_0703	-0.13292485783198	0.767501631396348	0.993216290588734
GENE_0704	-0.130880312983551	0.805427606649449	0.993216290588734
GENE_0705	-0.317450747358139	0.487013384393276	0.874549881361365
GENE_0706	-0.0248053904334385	0.958945193976333	0.993216290588734
GENE_0707	0.143332766618637	0.73155303682809	0.978817788660981
GENE_0708	0.182414717855146	0.682307949840604	0.957721801016209
GENE_0709	-0.2688644569886	0.501304598110721	0.874549881361365
GENE_0710	-0.853260303363074	0.0758069849368845	0.386770331310635
GENE_0711	0.0748920540833845	0.868538717632184	0.993216290588734
GENE_0712	-2.05961517841029	0.000372390841951838	0.0047742415634851
GENE_0713	-0.70317396212736	0.101078937228893	0.452817126881001
GENE_0714	-1.31329831425757	0.0124556304274759	0.108309829804138
GENE_0715	-0.341430942001263	0.399740001285014	0.817883651012055
GENE_0716	-0.294495289981338	0.294884201687318	0.769029162462171
GENE_0717	-0.184972153314484	0.689103985755082	0.957721801016209
GENE_0718	0.134982871905358	0.772683451879762	0.993216290588734
GENE_0719	-0.4770050005363	0.174332576495385	0.600956774356545
GENE_0720	-0.082286853459273	0.856614682681658	0.993216290588734
GENE_0721	-0.00844301074488629	0.988851835818557	0.998840238200563
GENE_0722	-0.0952010558207481	0.830716924126202	0.993216290588734
GENE_0723	-0.923776007508852	0.0202681717788105	0.161361746019808
GENE_0724	0.498057472734758	0.173554533502628	0.600956774356545
GENE_0725	0.432261307260349	0.350197016816163	0.792508180188295
GENE_0726	-0.205485364012422	0.596066764143736	0.917025790990364
GENE_0727	1.97573423751051	6.78325868433157e-07	2.02995491130723e-05
GENE_0728	-0.590296734834104	0.228794938685761	0.682969966226151
GENE_0729	0.411045498384576	0.174466638300135	0.600956774356545
GENE_0730	-0.0341745837385785	0.932275423992963	0.993216290588734
GENE_0731	-0.457778862201188	0.347537887619275	0.792508180188295
GENE_0732	-0.77166764140194	0.0663424995961327	0.364519228550179
GENE_0733	0.490400971393963	0.165141896086765	0.583666081965321
GENE_0734	1.74970649678619	1.9100691385343e-07	7.07433014271964e-06
GENE_0735	-0.356038467745025	0.519886704687721	0.877082536577523
GENE_0736	0.780792169184292	0.0495602017399944	0.311122813342387
GENE_0737	2.14022873183549	2.22537870583554e-07	7.67371967529498e-06
GENE_0738	-0.806630628324159	0.0605382930711981	0.340767599496028
GENE_0739	0.116714072243669	0.78519996528154	0.993216290588734
GENE_0740	-1.0568314953077	0.0795477805790397	0.393800893955642
GENE_0741	-0.174966577787853	0.626358010053735	0.924050955854907
GENE_0742	-0.286832886266272	0.543852653420728	0.885753507199883
GENE_0743	-0.247443841603728	0.584520203348415	0.910895824872367
GENE_0744	0.51681555574724	0.288179571542393	0.757817710279712
GENE_0745	-0.066450992398004	0.882546931718857	0.993216290588734
GENE_0746	0.0477344357715653	0.900901717659225	0.993216290588734
GENE_0747	1.19908840732237	0.00543749526422837	0.0508177127497979
GENE_0748	0.573180936645816	0.185991349840913	0.622529075812246
GENE_0749	0.31388862642948	0.525795083204291	0.877082536577523
GENE_0750	-0.115995675841028	0.788836540224702	0.993216290588734
GENE_0751	-1.15615286561649	0.0225235605870439	0.171935577000335
GENE_0752	-0.391829608689433	0.283234327703832	0.75287187534256
GENE_0753	0.263106117210068	0.529160418252499	0.877082536577523
GENE_0754	0.0725560436875279	0.860577393912747	0.993216290588734
GENE_0755	0.487351437507084	0.202053752371694	0.645539144957488
GENE_0756	0.584803986906589	0.102393113953845	0.452817126881001
GENE_0757	1.98702698700864	0.000173869025892142	0.00230242126847731
GENE_0758	0.297963233235243	0.421331860398186	0.823964195811196
GENE_0759	2.15235602267422	9.1507395031377e-07	2.47317283868587e-05
GENE_0760	0.805420006858412	0.0736507523094323	0.383597668278293
GENE_0761	1.70081736913801	0.000118450212240826	0.00166831284846233
GENE_0762	0.58274173956837	0.103242304928868	0.452817126881001
GENE_0763	-0.136419594848268	0.782667456733097	0.993216290588734
GENE_0764	-0.0835317869650155	0.851942349238953	0.993216290588734
GENE_0765	-1.03425764191091	0.169190656284812	0.589514481828614
GENE_0766	-0.070976809811987	0.864108769803943	0.993216290588734
GENE_0767	0.510008669573743	0.186536741755638	0.622529075812246
GENE_0768	0.0288595912093379	0.952702593830896	0.993216290588734
GENE_0769	-0.292021331500348	0.342573627035805	0.792508180188295
GENE_0770	0.655513046941655	0.194474081493381	0.633466063496356
GENE_0771	0.160891401222307	0.715394394279502	0.968176586106599
GENE_0772	-0.29541152627365	0.482901460237056	0.874549881361365
GENE_0773	0.0299724828338682	0.938862352585937	0.993216290588734
GENE_0774	-0.0579754127019672	0.901185237310547	0.993216290588734
GENE_0775	-0.00054303377564099	0.999071053177545	0.999463175112376
GENE_0776	-0.940303165254683	0.0782991001841315	0.392887236184191
GENE_0777	0.131081198916669	0.811333012012062	0.993216290588734
GENE_0778	-0.55436893696763	0.340055900185065	0.792508180188295
GENE_0779	2.62122368461734	1.8838593829321e-09	1.10815257819535e-07
GENE_0780	0.637513746770283	0.233474433592323	0.693170288094816
GENE_0781	0.23953944510255	0.550443200118661	0.88982773412179
GENE_0782	0.155657793893776	0.726927400030361	0.97574147655082
GENE_0783	0.245253798629632	0.635837867229553	0.928230463108836
GENE_0784	0.642392171512522	0.0845197635069076	0.405398505414089
GENE_0785	-0.197047322543624	0.714335242659311	0.968176586106599
GENE_0786	1.98469062726878	6.69002559047176e-05	0.00101364024098057
GENE_0787	1.75151362412484	7.88835263719347e-06	0.000151699089176798
GENE_0788	0.209309644036646	0.583121452438727	0.910895824872367
GENE_0789	0.443185955483022	0.419151803404682	0.823964195811196
GENE_0790	-0.091681230827623	0.920938175646659	0.993216290588734
GENE_0791	0.0290579665068362	0.956364504113419	0.993216290588734
GENE_0792	0.725860621733746	0.0466303049930549	0.300840677374548
GENE_0793	0.399304158701531	0.331972367570324	0.792508180188295
GENE_0794	-0.299324643766665	0.527284577057248	0.877082536577523
GENE_0795	0.0657393396227215	0.851817108094777	0.993216290588734
GENE_0796	0.31622140824858	0.375165580936024	0.807869902642039
GENE_0797	0.943007641400004	0.0419387221250307	0.27773988162272
GENE_0798	-0.575305778908712	0.174878421337755	0.600956774356545
GENE_0799	0.575189925310691	0.328743531036813	0.792508180188295
GENE_0800	-0.415265449321782	0.242504877346955	0.699093252827054
GENE_0801	-0.40460811901531	0.319794399608192	0.78457977298091
GENE_0802	-0.186348515460184	0.603149518536179	0.91927201927534
GENE_0803	-0.956427893757819	0.0198718913971136	0.161361746019808
GENE_0804	-0.349767496358213	0.398662935197649	0.817883651012055
GENE_0805	0.151311978978395	0.781701799405403	0.993216290588734
GENE_0806	-0.218807569975653	0.56696903538772	0.909290118551256
GENE_0807	-2.21651653057763	0.00310986459681463	0.030790738582323
GENE_0808	-2.20155153524956	0.000227456579116872	0.00295398154697237
GENE_0809	-0.152398566007549	0.761833447667788	0.993216290588734
GENE_0810	-0.871969503881563	0.0545882935280912	0.32493031861959
GENE_0811	-0.170953902053523	0.659843509676434	0.945334541083716
GENE_0812	-0.377559211746696	0.402085537238971	0.818911481138434
GENE_0813	0.408743560024638	0.361300161416255	0.794066288826934
GENE_0814	-0.638278933946472	0.251702258439039	0.715063234201815
GENE_0815	2.17578939547103	6.35660685540932e-11	5.77873350491756e-09
GENE_0816	0.461989125432298	0.225726650428202	0.681227168524567
GENE_0817	0.594304888180744	0.142855872350422	0.543178221864722
GENE_0818	0.487869639266011	0.357875692737953	0.793766321993476
GENE_0819	0.0958780417972129	0.853022772089367	0.993216290588734
GENE_0820	0.245497851133761	0.531512017165979	0.877082536577523
GENE_0821	-0.158205510719334	0.649483314718793	0.937205360344578
GENE_0822	-0.367338333795857	0.347100419816667	0.792508180188295
GENE_0823	0.854389739651312	0.0534598950550689	0.323883439338143
GENE_0824	0.015234067024344	0.967586792149898	0.993216290588734
GENE_0825	-0.725205353832609	0.032343145306927	0.227768628922021
GENE_0826	-0.599487973778221	0.0911635720006021	0.425998000002814
GENE_0827	0.122038324424288	0.812184804309834	0.993216290588734
GENE_0828	-0.266685191998183	0.592890100550248	0.91354406864445
GENE_0829	0.0795899623577819	0.868408887288529	0.993216290588734
GENE_0830	-0.375876110052557	0.36290985815133	0.795390731208764
GENE_0831	-0.066436101299872	0.906811140699298	0.993216290588734
GENE_0832	-0.128089305409814	0.765301278992017	0.993216290588734
GENE_0833	-0.196256364335773	0.603961716663898	0.91927201927534
GENE_0834	0.488936987642833	0.238639880573012	0.695405148122874
GENE_0835	0.144211277505348	0.692376006908685	0.958969538654688
GENE_0836	-0.204564861999602	0.621092683760347	0.924050955854907
GENE_0837	-0.477977296678646	0.133386759777049	0.526448698322764
GENE_0838	-0.079497434787558	0.85246341845741	0.993216290588734
GENE_0839	-0.404377805942679	0.257999989887202	0.720118569825761
GENE_0840	-0.286757909818373	0.423517596646954	0.823964195811196
GENE_0841	0.305840698996435	0.502056648013913	0.874549881361365
GENE_0842	0.193805683837623	0.661780078349989	0.946752615665221
GENE_0843	0.0166330201612114	0.961002300711247	0.993216290588734
GENE_0844	-0.225804497300639	0.611396388138744	0.922333265257723
GENE_0845	1.16815112797415	0.00227162809203079	0.0239118746529557
GENE_0846	-0.0800454281984935	0.848126667416437	0.993216290588734
GENE_0847	-0.158902250540019	0.676937446521061	0.957721801016209
GENE_0848	0.0134152887335669	0.978128534260348	0.993216290588734
GENE_0849	-1.70513543147162	0.000170344693288995	0.00230195531471614
GENE_0850	0.0686012075889664	0.872098101583213	0.993216290588734
GENE_0851	1.04844917236026	0.0512727503788236	0.31649845912854
GENE_0852	0.571491686922802	0.226167419950156	0.681227168524567
GENE_0853	-1.13234302899092	0.0337718142992456	0.236166533561158
GENE_0854	0.0901096405843829	0.846147318260726	0.993216290588734
GENE_0855	-0.0388931870028291	0.921639863819999	0.993216290588734
GENE_0856	-0.60662279997518	0.16277228664941	0.581329595176464
GENE_0857	-2.93499485110845	3.54790361992413e-13	7.09580723984826e-11
GENE_0858	1.98663026848032	0.000548121627639396	0.00676693367456044
GENE_0859	0.36620690398676	0.331000187896318	0.792508180188295
GENE_0860	0.367128057291353	0.304590411063014	0.771060309064251
GENE_0861	-0.240513664261632	0.42888956643247	0.827519930365295
GENE_0862	0.00447474596372458	0.98999574188702	0.998986621480343
GENE_0863	-0.195803932413737	0.614656381680388	0.922333265257723
GENE_0864	2.63871039645063	3.60699378985456e-11	3.60699378985456e-09
GENE_0865	-0.34233516002991	0.3390281525083	0.792508180188295
GENE_0866	-0.545308588026368	0.161575580686345	0.579123945112348
GENE_0867	-0.20444842231654	0.702995646444383	0.963226005902238
GENE_0868	1.14932417553637	0.00256665419283181	0.026190348906447
GENE_0869	0.543117049163424	0.296120244105303	0.769143491182606
GENE_0870	-1.18855670984473	0.00209676823181152	0.0227909590414296
GENE_0871	-0.770557847341507	0.0622007435188078	0.34749018725591
GENE_0872	0.352813497896249	0.421334010285141	0.823964195811196
GENE_0873	-0.741869267071708	0.154714635690285	0.566939402013153
GENE_0874	0.568505429259176	0.21266369167432	0.664574036482251
GENE_0875	-0.201467570024527	0.615462165794647	0.922333265257723
GENE_0876	-0.529176328597157	0.165761167278151	0.583666081965321
GENE_0877	0.0526529745923602	0.891202687564234	0.993216290588734
GENE_0878	0.700438433205743	0.0680398888462983	0.367783182952964
GENE_0879	-0.287698625888253	0.440634875580551	0.83515267005376
GENE_0880	-0.371233677006243	0.509997849513848	0.874549881361365
GENE_0881	0.655013557360446	0.0742973847330873	0.384960542658483
GENE_0882	0.517512851937852	0.355616711819021	0.792508180188295
GENE_0883	0.0621839497638425	0.895861205471289	0.993216290588734
GENE_0884	1.34876351791271	0.0220550565109287	0.170506722532235
GENE_0885	-0.000525632589936942	0.999125697578757	0.999463175112376
GENE_0886	0.0485432856035838	0.899282140518074	0.993216290588734
GENE_0887	0.428330292635702	0.235724294919465	0.693306749763133
GENE_0888	-0.70703814518515	0.0793256411405901	0.393800893955642
GENE_0889	-0.159328061767747	0.700508734075859	0.963226005902238
GENE_0890	-1.96450186227921	6.90184669844459e-07	2.02995491130723e-05
GENE_0891	-0.0100246231770545	0.98353158923048	0.995477317034898
GENE_0892	-0.307998723701794	0.59748780191486	0.917800002941413
GENE_0893	-0.178126640139533	0.686826979772522	0.957721801016209
GENE_0894	-0.0938664997981062	0.822242178141399	0.993216290588734
GENE_0895	0.307235145248325	0.335272781097076	0.792508180188295
GENE_0896	-0.102569471047035	0.762758843389101	0.993216290588734
GENE_0897	0.273700759442243	0.57851236834861	0.910895824872367
GENE_0898	0.409906271374454	0.225435843050893	0.681227168524567
GENE_0899	-0.249672132912328	0.463862251029326	0.860041243483536
GENE_0900	0.153083397505418	0.648262361271726	0.936795319756829
GENE_0901	-2.26560397403171	1.11438020170193e-06	2.85738513256906e-05
GENE_0902	-0.223084515045017	0.514280499741345	0.876116694618987
GENE_0903	0.0525341435039394	0.905498969738302	0.993216290588734
GENE_0904	-0.258844008026012	0.620251857046437	0.924050955854907
GENE_0905	-0.271922092985498	0.49394137000359	0.874549881361365
GENE_0906	0.586689104845504	0.290681414822796	0.760946112101561
GENE_0907	0.460960214960007	0.275094620445486	0.741494933815325
GENE_0908	0.311089402806818	0.43521641885793	0.832153764546711
GENE_0909	-0.668030381447981	0.098246230299113	0.448612923740242
GENE_0910	-0.3692655415872	0.352630948646913	0.792508180188295
GENE_0911	-0.361793856926575	0.512245055368332	0.874549881361365
GENE_0912	0.453578822066338	0.25131246561711	0.715063234201815
GENE_0913	-0.555135551496482	0.304426651399401	0.771060309064251
GENE_0914	1.26316595034982	0.00178607165675755	0.0202962688267904
GENE_0915	1.08818091608047	0.0812715848648748	0.394912332566913
GENE_0916	-0.0953337842740046	0.821904286084727	0.993216290588734
GENE_0917	-0.415567743031892	0.408371166768992	0.822244865558937
GENE_0918	-0.0392314936393721	0.924353464271957	0.993216290588734
GENE_0919	-0.395040494541494	0.355836172904544	0.792508180188295
GENE_0920	-0.295633115883748	0.610862696740057	0.922333265257723
GENE_0921	-0.289261537927318	0.537030313627286	0.880074467555288
GENE_0922	-0.490992068798317	0.30274300801566	0.771060309064251
GENE_0923	-0.0148702555647006	0.971953309124925	0.993216290588734
GENE_0924	1.99624760661202	0.000439830204560728	0.00556747094380669
GENE_0925	0.103901755376107	0.835466578628331	0.993216290588734
GENE_0926	0.0170732675433732	0.975834489632554	0.993216290588734
GENE_0927	-0.0425666021250528	0.925917507450799	0.993216290588734
GENE_0928	-0.0707100644151233	0.87730365409663	0.993216290588734
GENE_0929	-0.0766038177899184	0.854998539319424	0.993216290588734
GENE_0930	1.42427871404268	1.6356490586331e-06	3.98938794788561e-05
GENE_0931	0.253228159688367	0.46442227148111	0.860041243483536
GENE_0932	0.417856067094371	0.268263302121919	0.733984654189153
GENE_0933	-0.477231990396697	0.367136314799478	0.799861252286444
GENE_0934	0.0964224177967264	0.809751934433715	0.993216290588734
GENE_0935	-2.06299975559151	2.04770353691409e-05	0.000353052333950706
GENE_0936	0.0324904032715122	0.949818177841744	0.993216290588734
GENE_0937	0.273219883550767	0.447581430881416	0.843063809897785
GENE_0938	-1.39259877873675	0.0016699890672566	0.0191952766351334
GENE_0939	-0.185773858227536	0.659788179279952	0.945334541083716
GENE_0940	-0.121014500936119	0.774300198664807	0.993216290588734
GENE_0941	-0.0347008242305403	0.940789148637551	0.993216290588734
GENE_0942	-0.520336280619985	0.267667090337418	0.733984654189153
GENE_0943	1.72596964794635	2.81708996691898e-05	0.000461818027363766
GENE_0944	-0.358058535054881	0.4080416733566	0.822244865558937
GENE_0945	-0.738001241161189	0.159666689101193	0.574340608277672
GENE_0946	0.436826026644073	0.317566736696657	0.784003605273242
GENE_0947	-0.213410438128942	0.564004800419903	0.906760129292448
GENE_0948	0.297313315927156	0.527544231055362	0.877082536577523
GENE_0949	0.419632314185151	0.350036682389687	0.792508180188295
GENE_0950	-0.290810830139051	0.458580619022127	0.855560856384565
GENE_0951	-0.378377368994689	0.339012963146849	0.792508180188295
GENE_0952	-0.955239822853402	0.0116881367917108	0.103434838864698
GENE_0953	0.6256713081936	0.0606566327102929	0.340767599496028
GENE_0954	-0.411392986791306	0.30245816715204	0.771060309064251
GENE_0955	2.25244450126462	5.8520944974127e-08	2.78671166543462e-06
GENE_0956	0.426007183979548	0.305340155514663	0.771060309064251
GENE_0957	0.0354862750697985	0.941043586343726	0.993216290588734
GENE_0958	0.167113947110976	0.625698484286714	0.924050955854907
GENE_0959	0.0612421046282023	0.882093717462384	0.993216290588734
GENE_0960	-0.94017685803503	0.041457462730848	0.27638308487232
GENE_0961	-2.02967328214624	3.66738034201786e-10	2.4449202280119e-08
GENE_0962	-0.458554283494879	0.269372368087419	0.733984654189153
GENE_0963	0.540943414880862	0.100907843502136	0.452817126881001
GENE_0964	1.10838802218963	0.107437559174382	0.467119822497311
GENE_0965	-0.366954314188506	0.376997405377528	0.807869902642039
GENE_0966	-0.0959550816676043	0.861127542067295	0.993216290588734
GENE_0967	-0.595750891930396	0.220442907345456	0.680611284950445
GENE_0968	-2.10435353565791	0.00469894363390297	0.0451821503259901
GENE_0969	-1.94494317907835	1.34171329255327e-07	5.16043574058949e-06
GENE_0970	-0.42029805670778	0.258522566567448	0.720118569825761
GENE_0971	0.376082067267804	0.485296622577102	0.874549881361365
GENE_0972	0.448253742296547	0.246162115585832	0.705335574744504
GENE_0973	-2.24780454056929	5.5898313148117e-06	0.000116454819058577
GENE_0974	-0.420325143177546	0.267990527106044	0.733984654189153
GENE_0975	-0.532202595980889	0.365621337706973	0.798299863989025
GENE_0976	-0.641133551895334	0.179198068162133	0.613692014253881
GENE_0977	0.226443175879748	0.591499677279111	0.912808143949245
GENE_0978	0.515850203695795	0.19398146297031	0.633466063496356
GENE_0979	-0.375226683020922	0.325674017275816	0.792394202617558
GENE_0980	-0.471621994410115	0.405841009054272	0.822244865558937
GENE_0981	1.65015165291168	0.00223472220423621	0.023773640470598
GENE_0982	2.08500145964144	1.25448358477777e-06	3.13620896194444e-05
GENE_0983	0.0450516729679581	0.916414489804696	0.993216290588734
GENE_0984	-0.0141616685468381	0.974899712421466	0.993216290588734
GENE_0985	-0.508423653865636	0.224730792253211	0.681227168524567
GENE_0986	0.0462106871556357	0.927491286753334	0.993216290588734
GENE_0987	-1.56633578847068	0.011051831523918	0.0986770671778394
GENE_0988	0.217499939873218	0.705081436320438	0.963226005902238
GENE_0989	-0.0949273085226878	0.856168799820333	0.993216290588734
GENE_0990	-0.0604558614111721	0.917670615601571	0.993216290588734
GENE_0991	0.0389447371669154	0.915230120816839	0.993216290588734
GENE_0992	-2.09176724967927	7.81162117963387e-06	0.000151699089176798
GENE_0993	0.152684342214946	0.773435014639816	0.993216290588734
GENE_0994	-0.959080545672728	0.0592869301459053	0.337628157783011
GENE_0995	1.45268424887787	7.11882479391047e-05	0.00106251116327022
GENE_0996	0.412455896892651	0.235053349745197	0.693306749763133
GENE_0997	0.0317718454820954	0.934327095691723	0.993216290588734
GENE_0998	0.014680957073147	0.963034202981361	0.993216290588734
GENE_0999	0.0956734601236443	0.825531541849925	0.993216290588734
